Event Index;UTC Timestamp;UTC Date and Time;Local Timestamp;Local Timezone;Local Date and Time;Experiment ID;Experiment Version;Tree Node Key;Repeat Key;Schedule ID;Participant Public ID;Participant Private ID;Participant Starting Group;Participant Status;Participant Completion Code;Participant External Session ID;Participant Device Type;Participant Device;Participant OS;Participant Browser;Participant Monitor Size;Participant Viewport Size;Checkpoint;Task Name;Task Version;order-uj56;order-jpm9;Page;Page ID;Page Counter;Question;Response Type;Key;Response;Tag;OptionOrder;Object Name;Object Number;Object ID
1;1677425646915;26/02/2023 15:34:06;1677425646915;0;26/02/2023 15:34:06;121969;4;questionnaire-igew;;27572051;ccxrdecd;8197473;;complete;;;computer;Desktop or Laptop;Windows 10;Chrome 110.0.0.0;1920x1080;1920x929;;Demographics;1;AB;AB;Page 1;bjst4u;1;**Please tell us your age**;response;value;22;;;Number Entry;2;object-3
2;1677425646915;26/02/2023 15:34:06;1677425646915;0;26/02/2023 15:34:06;121969;4;questionnaire-igew;;27572051;ccxrdecd;8197473;;complete;;;computer;Desktop or Laptop;Windows 10;Chrome 110.0.0.0;1920x1080;1920x929;;Demographics;1;AB;AB;Page 1;bjst4u;1;**Please tell us your gender**;response;value;Male;;;Text Input;3;object-4
1;1677856358069;03/03/2023 15:12:38;1677856358069;0;03/03/2023 15:12:38;121969;4;questionnaire-igew;;27781525;10822;8255527;;complete;;;computer;Desktop or Laptop;Mac OS 10.15.7;Chrome 107.0.0.0;1440x900;1440x711;;Demographics;1;AB;AB;Page 1;bjst4u;1;**Please tell us your age**;response;value;18;;;Number Entry;2;object-3
2;1677856358069;03/03/2023 15:12:38;1677856358069;0;03/03/2023 15:12:38;121969;4;questionnaire-igew;;27781525;10822;8255527;;complete;;;computer;Desktop or Laptop;Mac OS 10.15.7;Chrome 107.0.0.0;1440x900;1440x711;;Demographics;1;AB;AB;Page 1;bjst4u;1;**Please tell us your gender**;response;value;female;;;Text Input;3;object-4
1;1677861379259;03/03/2023 16:36:19;1677861379259;0;03/03/2023 16:36:19;121969;4;questionnaire-igew;;27785423;10837;8256424;;complete;;;computer;Desktop or Laptop;Windows 10;Chrome 110.0.0.0;1920x1080;1920x969;;Demographics;1;AB;BA;Page 1;bjst4u;1;**Please tell us your age**;response;value;18;;;Number Entry;2;object-3
2;1677861379259;03/03/2023 16:36:19;1677861379259;0;03/03/2023 16:36:19;121969;4;questionnaire-igew;;27785423;10837;8256424;;complete;;;computer;Desktop or Laptop;Windows 10;Chrome 110.0.0.0;1920x1080;1920x969;;Demographics;1;AB;BA;Page 1;bjst4u;1;**Please tell us your gender**;response;value;female;;;Text Input;3;object-4
1;1677889356147;04/03/2023 00:22:36;1677889356147;0;04/03/2023 00:22:36;121969;4;questionnaire-igew;;27796165;10936;8259144;;complete;;;computer;Desktop or Laptop;Windows 10;Chrome 110.0.0.0;1504x1003;1504x884;;Demographics;1;BA;AB;Page 1;bjst4u;1;**Please tell us your age**;response;value;22;;;Number Entry;2;object-3
2;1677889356147;04/03/2023 00:22:36;1677889356147;0;04/03/2023 00:22:36;121969;4;questionnaire-igew;;27796165;10936;8259144;;complete;;;computer;Desktop or Laptop;Windows 10;Chrome 110.0.0.0;1504x1003;1504x884;;Demographics;1;BA;AB;Page 1;bjst4u;1;**Please tell us your gender**;response;value;Female;;;Text Input;3;object-4
1;1678054589278;05/03/2023 22:16:29;1678054589278;0;05/03/2023 22:16:29;121969;4;questionnaire-igew;;27835371;10828;8268575;;complete;;;computer;Desktop or Laptop;Windows 10;Chrome 110.0.0.0;1366x768;1366x657;;Demographics;1;AB;BA;Page 1;bjst4u;1;**Please tell us your age**;response;value;18;;;Number Entry;2;object-3
2;1678054589278;05/03/2023 22:16:29;1678054589278;0;05/03/2023 22:16:29;121969;4;questionnaire-igew;;27835371;10828;8268575;;complete;;;computer;Desktop or Laptop;Windows 10;Chrome 110.0.0.0;1366x768;1366x657;;Demographics;1;AB;BA;Page 1;bjst4u;1;**Please tell us your gender**;response;value;female;;;Text Input;3;object-4
1;1678097730275;06/03/2023 10:15:30;1678097730275;0;06/03/2023 10:15:30;121969;4;questionnaire-igew;;27845855;9844;8271768;;complete;;;computer;Desktop or Laptop;Mac OS 10.15.7;Chrome 108.0.0.0;1440x900;1440x789;;Demographics;1;BA;AB;Page 1;bjst4u;1;**Please tell us your age**;response;value;20;;;Number Entry;2;object-3
2;1678097730275;06/03/2023 10:15:30;1678097730275;0;06/03/2023 10:15:30;121969;4;questionnaire-igew;;27845855;9844;8271768;;complete;;;computer;Desktop or Laptop;Mac OS 10.15.7;Chrome 108.0.0.0;1440x900;1440x789;;Demographics;1;BA;AB;Page 1;bjst4u;1;**Please tell us your gender**;response;value;Female;;;Text Input;3;object-4
1;1678101264733;06/03/2023 11:14:24;1678101264733;0;06/03/2023 11:14:24;121969;4;questionnaire-igew;;27849572;9585;8272505;;complete;;;computer;Desktop or Laptop;Mac OS 10.15.7;Chrome 110.0.0.0;1440x900;1440x821;;Demographics;1;AB;BA;Page 1;bjst4u;1;**Please tell us your age**;response;value;20;;;Number Entry;2;object-3
2;1678101264733;06/03/2023 11:14:24;1678101264733;0;06/03/2023 11:14:24;121969;4;questionnaire-igew;;27849572;9585;8272505;;complete;;;computer;Desktop or Laptop;Mac OS 10.15.7;Chrome 110.0.0.0;1440x900;1440x821;;Demographics;1;AB;BA;Page 1;bjst4u;1;**Please tell us your gender**;response;value;female;;;Text Input;3;object-4
1;1678102707148;06/03/2023 11:38:27;1678102707148;0;06/03/2023 11:38:27;121969;4;questionnaire-igew;;27851363;9819;8272893;;complete;;;computer;Desktop or Laptop;Mac OS 10.16;Firefox 78.0;1440x900;1440x798;;Demographics;1;BA;AB;Page 1;bjst4u;1;**Please tell us your age**;response;value;20;;;Number Entry;2;object-3
2;1678102707148;06/03/2023 11:38:27;1678102707148;0;06/03/2023 11:38:27;121969;4;questionnaire-igew;;27851363;9819;8272893;;complete;;;computer;Desktop or Laptop;Mac OS 10.16;Firefox 78.0;1440x900;1440x798;;Demographics;1;BA;AB;Page 1;bjst4u;1;**Please tell us your gender**;response;value;female;;;Text Input;3;object-4
1;1678103196983;06/03/2023 11:46:36;1678103196983;0;06/03/2023 11:46:36;121969;4;questionnaire-igew;;27851720;9859;8272773;;complete;;;computer;Desktop or Laptop;Mac OS 10.15.6;Chrome 109.0.0.0;1440x900;728x765;;Demographics;1;AB;BA;Page 1;bjst4u;1;**Please tell us your age**;response;value;20;;;Number Entry;2;object-3
2;1678103196983;06/03/2023 11:46:36;1678103196983;0;06/03/2023 11:46:36;121969;4;questionnaire-igew;;27851720;9859;8272773;;complete;;;computer;Desktop or Laptop;Mac OS 10.15.6;Chrome 109.0.0.0;1440x900;728x765;;Demographics;1;AB;BA;Page 1;bjst4u;1;**Please tell us your gender**;response;value;Female;;;Text Input;3;object-4
1;1678103451737;06/03/2023 11:50:51;1678103451737;0;06/03/2023 11:50:51;121969;4;questionnaire-igew;;27852106;9924;8273069;;complete;;;computer;Desktop or Laptop;Windows 10;Firefox 110.0;1493x933;1400x821;;Demographics;1;BA;AB;Page 1;bjst4u;1;**Please tell us your age**;response;value;20;;;Number Entry;2;object-3
2;1678103451737;06/03/2023 11:50:51;1678103451737;0;06/03/2023 11:50:51;121969;4;questionnaire-igew;;27852106;9924;8273069;;complete;;;computer;Desktop or Laptop;Windows 10;Firefox 110.0;1493x933;1400x821;;Demographics;1;BA;AB;Page 1;bjst4u;1;**Please tell us your gender**;response;value;Female;;;Text Input;3;object-4
1;1678107260007;06/03/2023 12:54:20;1678107260007;0;06/03/2023 12:54:20;121969;4;questionnaire-igew;;27855487;9652;8273835;;complete;;;computer;Desktop or Laptop;Mac OS 10.15.7;Chrome 110.0.0.0;1440x900;1404x685;;Demographics;1;AB;BA;Page 1;bjst4u;1;**Please tell us your age**;response;value;19;;;Number Entry;2;object-3
2;1678107260007;06/03/2023 12:54:20;1678107260007;0;06/03/2023 12:54:20;121969;4;questionnaire-igew;;27855487;9652;8273835;;complete;;;computer;Desktop or Laptop;Mac OS 10.15.7;Chrome 110.0.0.0;1440x900;1404x685;;Demographics;1;AB;BA;Page 1;bjst4u;1;**Please tell us your gender**;response;value;Female;;;Text Input;3;object-4
1;1678121327661;06/03/2023 16:48:47;1678121327661;0;06/03/2023 16:48:47;121969;4;questionnaire-igew;;27869502;9877;8277439;;complete;;;computer;Desktop or Laptop;Windows 10;Chrome 110.0.0.0;1536x864;1536x714;;Demographics;1;BA;AB;Page 1;bjst4u;1;**Please tell us your age**;response;value;20;;;Number Entry;2;object-3
2;1678121327661;06/03/2023 16:48:47;1678121327661;0;06/03/2023 16:48:47;121969;4;questionnaire-igew;;27869502;9877;8277439;;complete;;;computer;Desktop or Laptop;Windows 10;Chrome 110.0.0.0;1536x864;1536x714;;Demographics;1;BA;AB;Page 1;bjst4u;1;**Please tell us your gender**;response;value;Female;;;Text Input;3;object-4
1;1678195361056;07/03/2023 13:22:41;1678195361056;0;07/03/2023 13:22:41;121969;4;questionnaire-igew;;27897782;9906;8285835;;complete;;;computer;Desktop or Laptop;Windows 10;Chrome 110.0.0.0;1280x720;1280x601;;Demographics;1;AB;BA;Page 1;bjst4u;1;**Please tell us your age**;response;value;20;;;Number Entry;2;object-3
2;1678195361056;07/03/2023 13:22:41;1678195361056;0;07/03/2023 13:22:41;121969;4;questionnaire-igew;;27897782;9906;8285835;;complete;;;computer;Desktop or Laptop;Windows 10;Chrome 110.0.0.0;1280x720;1280x601;;Demographics;1;AB;BA;Page 1;bjst4u;1;**Please tell us your gender**;response;value;Female;;;Text Input;3;object-4
1;1678286547554;08/03/2023 14:42:27;1678286547554;0;08/03/2023 14:42:27;121969;4;questionnaire-igew;;27942450;11554;8299371;;complete;;;computer;Desktop or Laptop;Mac OS 10.12.6;Chrome 69.0.3497.81;1440x900;1440x679;;Demographics;1;BA;AB;Page 1;bjst4u;1;**Please tell us your age**;response;value;19;;;Number Entry;2;object-3
2;1678286547554;08/03/2023 14:42:27;1678286547554;0;08/03/2023 14:42:27;121969;4;questionnaire-igew;;27942450;11554;8299371;;complete;;;computer;Desktop or Laptop;Mac OS 10.12.6;Chrome 69.0.3497.81;1440x900;1440x679;;Demographics;1;BA;AB;Page 1;bjst4u;1;**Please tell us your gender**;response;value;female;;;Text Input;3;object-4
1;1678287563987;08/03/2023 14:59:23;1678287563987;0;08/03/2023 14:59:23;121969;4;questionnaire-igew;;27943206;9834;8299565;;complete;;;computer;Desktop or Laptop;Mac OS 10.12.6;Chrome 103.0.5060.134;1440x900;1440x821;;Demographics;1;AB;AB;Page 1;bjst4u;1;**Please tell us your age**;response;value;20;;;Number Entry;2;object-3
2;1678287563987;08/03/2023 14:59:23;1678287563987;0;08/03/2023 14:59:23;121969;4;questionnaire-igew;;27943206;9834;8299565;;complete;;;computer;Desktop or Laptop;Mac OS 10.12.6;Chrome 103.0.5060.134;1440x900;1440x821;;Demographics;1;AB;AB;Page 1;bjst4u;1;**Please tell us your gender**;response;value;female;;;Text Input;3;object-4
1;1678287950776;08/03/2023 15:05:50;1678287950776;0;08/03/2023 15:05:50;121969;4;questionnaire-igew;;27943527;9600;8299651;;complete;;;computer;Desktop or Laptop;Mac OS 10.15.7;Chrome 111.0.0.0;1440x900;1200x664;;Demographics;1;BA;BA;Page 1;bjst4u;1;**Please tell us your age**;response;value;20;;;Number Entry;2;object-3
2;1678287950776;08/03/2023 15:05:50;1678287950776;0;08/03/2023 15:05:50;121969;4;questionnaire-igew;;27943527;9600;8299651;;complete;;;computer;Desktop or Laptop;Mac OS 10.15.7;Chrome 111.0.0.0;1440x900;1200x664;;Demographics;1;BA;BA;Page 1;bjst4u;1;**Please tell us your gender**;response;value;female;;;Text Input;3;object-4
1;1678290942885;08/03/2023 15:55:42;1678290942885;0;08/03/2023 15:55:42;121969;4;questionnaire-igew;;27945993;9904;8300248;;complete;;;computer;Desktop or Laptop;Mac OS 10.15.7;Chrome 110.0.0.0;1440x900;1440x789;;Demographics;1;AB;BA;Page 1;bjst4u;1;**Please tell us your age**;response;value;19;;;Number Entry;2;object-3
2;1678290942885;08/03/2023 15:55:42;1678290942885;0;08/03/2023 15:55:42;121969;4;questionnaire-igew;;27945993;9904;8300248;;complete;;;computer;Desktop or Laptop;Mac OS 10.15.7;Chrome 110.0.0.0;1440x900;1440x789;;Demographics;1;AB;BA;Page 1;bjst4u;1;**Please tell us your gender**;response;value;Female;;;Text Input;3;object-4
1;1678292448901;08/03/2023 16:20:48;1678292448901;0;08/03/2023 16:20:48;121969;4;questionnaire-igew;;27947124;9682https://research.sc/participant/login/dynamic/81EA2EEC-335E-45C2-B851-FDAEDB58060E?external_id=9682;8300482;;complete;;;computer;Desktop or Laptop;Mac OS 10.15.7;Chrome 110.0.0.0;1440x900;1440x789;;Demographics;1;BA;AB;Page 1;bjst4u;1;**Please tell us your age**;response;value;20;;;Number Entry;2;object-3
2;1678292448902;08/03/2023 16:20:48;1678292448902;0;08/03/2023 16:20:48;121969;4;questionnaire-igew;;27947124;9682https://research.sc/participant/login/dynamic/81EA2EEC-335E-45C2-B851-FDAEDB58060E?external_id=9682;8300482;;complete;;;computer;Desktop or Laptop;Mac OS 10.15.7;Chrome 110.0.0.0;1440x900;1440x789;;Demographics;1;BA;AB;Page 1;bjst4u;1;**Please tell us your gender**;response;value;female;;;Text Input;3;object-4
1;1678296181950;08/03/2023 17:23:01;1678296181950;0;08/03/2023 17:23:01;121969;4;questionnaire-igew;;27949578;9676;8301113;;complete;;;computer;Desktop or Laptop;Windows 10;Chrome 110.0.0.0;1366x768;1366x617;;Demographics;1;AB;BA;Page 1;bjst4u;1;**Please tell us your age**;response;value;20;;;Number Entry;2;object-3
2;1678296181950;08/03/2023 17:23:01;1678296181950;0;08/03/2023 17:23:01;121969;4;questionnaire-igew;;27949578;9676;8301113;;complete;;;computer;Desktop or Laptop;Windows 10;Chrome 110.0.0.0;1366x768;1366x617;;Demographics;1;AB;BA;Page 1;bjst4u;1;**Please tell us your gender**;response;value;female;;;Text Input;3;object-4
1;1678298209309;08/03/2023 17:56:49;1678298209309;0;08/03/2023 17:56:49;121969;4;questionnaire-igew;;27950595;9811;8301389;;complete;;;computer;Desktop or Laptop;Mac OS 10.15.7;Chrome 110.0.0.0;1440x900;1440x789;;Demographics;1;BA;AB;Page 1;bjst4u;1;**Please tell us your age**;response;value;19;;;Number Entry;2;object-3
2;1678298209309;08/03/2023 17:56:49;1678298209309;0;08/03/2023 17:56:49;121969;4;questionnaire-igew;;27950595;9811;8301389;;complete;;;computer;Desktop or Laptop;Mac OS 10.15.7;Chrome 110.0.0.0;1440x900;1440x789;;Demographics;1;BA;AB;Page 1;bjst4u;1;**Please tell us your gender**;response;value;Female;;;Text Input;3;object-4
1;1678298514170;08/03/2023 18:01:54;1678298514170;0;08/03/2023 18:01:54;121969;4;questionnaire-igew;;27950742;9740;8301433;;complete;;;computer;Desktop or Laptop;Mac OS 10.15.7;Chrome 110.0.0.0;1440x900;1440x796;;Demographics;1;AB;BA;Page 1;bjst4u;1;**Please tell us your age**;response;value;20;;;Number Entry;2;object-3
2;1678298514171;08/03/2023 18:01:54;1678298514171;0;08/03/2023 18:01:54;121969;4;questionnaire-igew;;27950742;9740;8301433;;complete;;;computer;Desktop or Laptop;Mac OS 10.15.7;Chrome 110.0.0.0;1440x900;1440x796;;Demographics;1;AB;BA;Page 1;bjst4u;1;**Please tell us your gender**;response;value;female;;;Text Input;3;object-4
1;1678300602046;08/03/2023 18:36:42;1678300602046;0;08/03/2023 18:36:42;121969;4;questionnaire-igew;;27952027;9795;8301814;;complete;;;computer;Desktop or Laptop;Windows 10;Chrome 110.0.0.0;2048x1152;2048x1010;;Demographics;1;BA;AB;Page 1;bjst4u;1;**Please tell us your age**;response;value;21;;;Number Entry;2;object-3
2;1678300602046;08/03/2023 18:36:42;1678300602046;0;08/03/2023 18:36:42;121969;4;questionnaire-igew;;27952027;9795;8301814;;complete;;;computer;Desktop or Laptop;Windows 10;Chrome 110.0.0.0;2048x1152;2048x1010;;Demographics;1;BA;AB;Page 1;bjst4u;1;**Please tell us your gender**;response;value;Male;;;Text Input;3;object-4
1;1678318864303;08/03/2023 23:41:04;1678318864303;0;08/03/2023 23:41:04;121969;4;questionnaire-igew;;27960532;9510;8304375;;complete;;;computer;Desktop or Laptop;Mac OS 10.15.7;Chrome 110.0.0.0;1440x900;1440x789;;Demographics;1;AB;BA;Page 1;bjst4u;1;**Please tell us your age**;response;value;19;;;Number Entry;2;object-3
2;1678318864303;08/03/2023 23:41:04;1678318864303;0;08/03/2023 23:41:04;121969;4;questionnaire-igew;;27960532;9510;8304375;;complete;;;computer;Desktop or Laptop;Mac OS 10.15.7;Chrome 110.0.0.0;1440x900;1440x789;;Demographics;1;AB;BA;Page 1;bjst4u;1;**Please tell us your gender**;response;value;female;;;Text Input;3;object-4
1;1678319413233;08/03/2023 23:50:13;1678319413233;0;08/03/2023 23:50:13;121969;4;questionnaire-igew;;27960685;10809;8304440;;complete;;;computer;Desktop or Laptop;Windows 10;Firefox 109.0;1536x864;1536x731;;Demographics;1;BA;AB;Page 1;bjst4u;1;**Please tell us your age**;response;value;19;;;Number Entry;2;object-3
2;1678319413233;08/03/2023 23:50:13;1678319413233;0;08/03/2023 23:50:13;121969;4;questionnaire-igew;;27960685;10809;8304440;;complete;;;computer;Desktop or Laptop;Windows 10;Firefox 109.0;1536x864;1536x731;;Demographics;1;BA;AB;Page 1;bjst4u;1;**Please tell us your gender**;response;value;female;;;Text Input;3;object-4
1;1678319836235;08/03/2023 23:57:16;1678319836235;0;08/03/2023 23:57:16;121969;4;questionnaire-igew;;27961796;9841;8305465;;complete;;;computer;Desktop or Laptop;Windows 10;Chrome 110.0.0.0;1504x1003;1504x884;;Demographics;1;AB;BA;Page 1;bjst4u;1;**Please tell us your age**;response;value;19;;;Number Entry;2;object-3
2;1678319836235;08/03/2023 23:57:16;1678319836235;0;08/03/2023 23:57:16;121969;4;questionnaire-igew;;27961796;9841;8305465;;complete;;;computer;Desktop or Laptop;Windows 10;Chrome 110.0.0.0;1504x1003;1504x884;;Demographics;1;AB;BA;Page 1;bjst4u;1;**Please tell us your gender**;response;value;Female;;;Text Input;3;object-4
1;1678326600936;09/03/2023 01:50:00;1678326600936;0;09/03/2023 01:50:00;121969;4;questionnaire-igew;;27962809;9918;8305753;;complete;;;computer;Desktop or Laptop;Mac OS 10.15.7;Chrome 104.0.0.0;1440x900;1440x821;;Demographics;1;BA;AB;Page 1;bjst4u;1;**Please tell us your age**;response;value;19;;;Number Entry;2;object-3
2;1678326600936;09/03/2023 01:50:00;1678326600936;0;09/03/2023 01:50:00;121969;4;questionnaire-igew;;27962809;9918;8305753;;complete;;;computer;Desktop or Laptop;Mac OS 10.15.7;Chrome 104.0.0.0;1440x900;1440x821;;Demographics;1;BA;AB;Page 1;bjst4u;1;**Please tell us your gender**;response;value;Female;;;Text Input;3;object-4
1;1678358412810;09/03/2023 10:40:12;1678358412810;0;09/03/2023 10:40:12;121969;4;questionnaire-igew;;27969626;9508;8307470;;complete;;;computer;Desktop or Laptop;Mac OS 10.15.7;Chrome 110.0.0.0;1440x900;1440x789;;Demographics;1;AB;BA;Page 1;bjst4u;1;**Please tell us your age**;response;value;19;;;Number Entry;2;object-3
2;1678358412811;09/03/2023 10:40:12;1678358412811;0;09/03/2023 10:40:12;121969;4;questionnaire-igew;;27969626;9508;8307470;;complete;;;computer;Desktop or Laptop;Mac OS 10.15.7;Chrome 110.0.0.0;1440x900;1440x789;;Demographics;1;AB;BA;Page 1;bjst4u;1;**Please tell us your gender**;response;value;Male;;;Text Input;3;object-4
1;1678359953030;09/03/2023 11:05:53;1678359953030;0;09/03/2023 11:05:53;121969;4;questionnaire-igew;;27970797;9747;8307708;;complete;;;computer;Desktop or Laptop;Windows 10;Chrome 110.0.0.0;1920x1080;1920x969;;Demographics;1;BA;AB;Page 1;bjst4u;1;**Please tell us your age**;response;value;19;;;Number Entry;2;object-3
2;1678359953030;09/03/2023 11:05:53;1678359953030;0;09/03/2023 11:05:53;121969;4;questionnaire-igew;;27970797;9747;8307708;;complete;;;computer;Desktop or Laptop;Windows 10;Chrome 110.0.0.0;1920x1080;1920x969;;Demographics;1;BA;AB;Page 1;bjst4u;1;**Please tell us your gender**;response;value;female;;;Text Input;3;object-4
1;1678360703537;09/03/2023 11:18:23;1678360703537;0;09/03/2023 11:18:23;121969;4;questionnaire-igew;;27971359;11045;8307843;;complete;;;computer;Desktop or Laptop;Mac OS 10.15.7;Chrome 109.0.0.0;1512x982;1512x834;;Demographics;1;AB;BA;Page 1;bjst4u;1;**Please tell us your age**;response;value;18;;;Number Entry;2;object-3
2;1678360703537;09/03/2023 11:18:23;1678360703537;0;09/03/2023 11:18:23;121969;4;questionnaire-igew;;27971359;11045;8307843;;complete;;;computer;Desktop or Laptop;Mac OS 10.15.7;Chrome 109.0.0.0;1512x982;1512x834;;Demographics;1;AB;BA;Page 1;bjst4u;1;**Please tell us your gender**;response;value;female;;;Text Input;3;object-4
1;1678361138487;09/03/2023 11:25:38;1678361138487;0;09/03/2023 11:25:38;121969;4;questionnaire-igew;;27971674;9677;8307900;;complete;;;computer;Desktop or Laptop;Mac OS 10.15.7;Chrome 109.0.0.0;1440x900;1440x789;;Demographics;1;BA;AB;Page 1;bjst4u;1;**Please tell us your age**;response;value;20;;;Number Entry;2;object-3
2;1678361138487;09/03/2023 11:25:38;1678361138487;0;09/03/2023 11:25:38;121969;4;questionnaire-igew;;27971674;9677;8307900;;complete;;;computer;Desktop or Laptop;Mac OS 10.15.7;Chrome 109.0.0.0;1440x900;1440x789;;Demographics;1;BA;AB;Page 1;bjst4u;1;**Please tell us your gender**;response;value;female;;;Text Input;3;object-4
1;1678363413223;09/03/2023 12:03:33;1678363413223;0;09/03/2023 12:03:33;121969;4;questionnaire-igew;;27973168;9781;8308306;;complete;;;computer;Desktop or Laptop;Mac OS 10.15.7;Chrome 110.0.0.0;1440x900;1438x741;;Demographics;1;AB;BA;Page 1;bjst4u;1;**Please tell us your age**;response;value;19;;;Number Entry;2;object-3
2;1678363413223;09/03/2023 12:03:33;1678363413223;0;09/03/2023 12:03:33;121969;4;questionnaire-igew;;27973168;9781;8308306;;complete;;;computer;Desktop or Laptop;Mac OS 10.15.7;Chrome 110.0.0.0;1440x900;1438x741;;Demographics;1;AB;BA;Page 1;bjst4u;1;**Please tell us your gender**;response;value;female;;;Text Input;3;object-4
1;1678364648485;09/03/2023 12:24:08;1678364648485;0;09/03/2023 12:24:08;121969;4;questionnaire-igew;;27973946;9699;8308481;;complete;;;computer;Desktop or Laptop;Mac OS 10.15.7;Chrome 111.0.0.0;1440x900;1440x821;;Demographics;1;BA;AB;Page 1;bjst4u;1;**Please tell us your age**;response;value;19;;;Number Entry;2;object-3
2;1678364648486;09/03/2023 12:24:08;1678364648486;0;09/03/2023 12:24:08;121969;4;questionnaire-igew;;27973946;9699;8308481;;complete;;;computer;Desktop or Laptop;Mac OS 10.15.7;Chrome 111.0.0.0;1440x900;1440x821;;Demographics;1;BA;AB;Page 1;bjst4u;1;**Please tell us your gender**;response;value;Female;;;Text Input;3;object-4
1;1678385822856;09/03/2023 18:17:02;1678385822856;0;09/03/2023 18:17:02;121969;4;questionnaire-igew;;27990242;9690;8312819;;complete;;;computer;Desktop or Laptop;Mac OS 10.15.7;Chrome 111.0.0.0;1440x900;1200x697;;Demographics;1;AB;BA;Page 1;bjst4u;1;**Please tell us your age**;response;value;20;;;Number Entry;2;object-3
2;1678385822856;09/03/2023 18:17:02;1678385822856;0;09/03/2023 18:17:02;121969;4;questionnaire-igew;;27990242;9690;8312819;;complete;;;computer;Desktop or Laptop;Mac OS 10.15.7;Chrome 111.0.0.0;1440x900;1200x697;;Demographics;1;AB;BA;Page 1;bjst4u;1;**Please tell us your gender**;response;value;female;;;Text Input;3;object-4
1;1678480845373;10/03/2023 20:40:45;1678480845373;0;10/03/2023 20:40:45;121969;4;questionnaire-igew;;28030619;11082;8322996;;complete;;;computer;Desktop or Laptop;Windows 10;Chrome 111.0.0.0;1440x900;1440x789;;Demographics;1;BA;AB;Page 1;bjst4u;1;**Please tell us your age**;response;value;19;;;Number Entry;2;object-3
2;1678480845373;10/03/2023 20:40:45;1678480845373;0;10/03/2023 20:40:45;121969;4;questionnaire-igew;;28030619;11082;8322996;;complete;;;computer;Desktop or Laptop;Windows 10;Chrome 111.0.0.0;1440x900;1440x789;;Demographics;1;BA;AB;Page 1;bjst4u;1;**Please tell us your gender**;response;value;female;;;Text Input;3;object-4
1;1678634777309;12/03/2023 15:26:17;1678634777309;0;12/03/2023 15:26:17;121969;4;questionnaire-igew;;28061789;9663;8330712;;complete;;;computer;Desktop or Laptop;Windows 10;Chrome 110.0.0.0;1280x720;1280x569;;Demographics;1;BA;AB;Page 1;bjst4u;1;**Please tell us your age**;response;value;20;;;Number Entry;2;object-3
2;1678634777309;12/03/2023 15:26:17;1678634777309;0;12/03/2023 15:26:17;121969;4;questionnaire-igew;;28061789;9663;8330712;;complete;;;computer;Desktop or Laptop;Windows 10;Chrome 110.0.0.0;1280x720;1280x569;;Demographics;1;BA;AB;Page 1;bjst4u;1;**Please tell us your gender**;response;value;Female;;;Text Input;3;object-4
1;1678643476968;12/03/2023 17:51:16;1678643476968;0;12/03/2023 17:51:16;121969;4;questionnaire-igew;;28064690;11106;8331495;;complete;;;computer;Desktop or Laptop;Mac OS 10.15.7;Chrome 108.0.0.0;1440x900;1440x789;;Demographics;1;AB;BA;Page 1;bjst4u;1;**Please tell us your age**;response;value;18;;;Number Entry;2;object-3
2;1678643476968;12/03/2023 17:51:16;1678643476968;0;12/03/2023 17:51:16;121969;4;questionnaire-igew;;28064690;11106;8331495;;complete;;;computer;Desktop or Laptop;Mac OS 10.15.7;Chrome 108.0.0.0;1440x900;1440x789;;Demographics;1;AB;BA;Page 1;bjst4u;1;**Please tell us your gender**;response;value;female;;;Text Input;3;object-4
1;1678645000747;12/03/2023 18:16:40;1678645000747;0;12/03/2023 18:16:40;121969;4;questionnaire-igew;;28065226;9816;8331608;;complete;;;computer;Desktop or Laptop;Windows 10;Chrome 110.0.0.0;1280x720;1280x616;;Demographics;1;BA;AB;Page 1;bjst4u;1;**Please tell us your age**;response;value;20;;;Number Entry;2;object-3
2;1678645000748;12/03/2023 18:16:40;1678645000748;0;12/03/2023 18:16:40;121969;4;questionnaire-igew;;28065226;9816;8331608;;complete;;;computer;Desktop or Laptop;Windows 10;Chrome 110.0.0.0;1280x720;1280x616;;Demographics;1;BA;AB;Page 1;bjst4u;1;**Please tell us your gender**;response;value;female;;;Text Input;3;object-4
1;1678718594276;13/03/2023 14:43:14;1678718594276;0;13/03/2023 14:43:14;121969;4;questionnaire-igew;;28089023;9908;8338640;;complete;;;computer;Desktop or Laptop;Mac OS 10.15.7;Chrome 111.0.0.0;1440x900;1440x732;;Demographics;1;AB;BA;Page 1;bjst4u;1;**Please tell us your age**;response;value;19;;;Number Entry;2;object-3
2;1678718594276;13/03/2023 14:43:14;1678718594276;0;13/03/2023 14:43:14;121969;4;questionnaire-igew;;28089023;9908;8338640;;complete;;;computer;Desktop or Laptop;Mac OS 10.15.7;Chrome 111.0.0.0;1440x900;1440x732;;Demographics;1;AB;BA;Page 1;bjst4u;1;**Please tell us your gender**;response;value;female;;;Text Input;3;object-4
1;1678798288648;14/03/2023 12:51:28;1678798288648;0;14/03/2023 12:51:28;121969;4;questionnaire-igew;;28119389;9603;8348607;;complete;;;computer;Desktop or Laptop;Mac OS 10.15.7;Chrome 108.0.0.0;1470x956;1026x737;;Demographics;1;BA;AB;Page 1;bjst4u;1;**Please tell us your age**;response;value;19;;;Number Entry;2;object-3
2;1678798288648;14/03/2023 12:51:28;1678798288648;0;14/03/2023 12:51:28;121969;4;questionnaire-igew;;28119389;9603;8348607;;complete;;;computer;Desktop or Laptop;Mac OS 10.15.7;Chrome 108.0.0.0;1470x956;1026x737;;Demographics;1;BA;AB;Page 1;bjst4u;1;**Please tell us your gender**;response;value;Female;;;Text Input;3;object-4
1;1678810179521;14/03/2023 16:09:39;1678810179521;0;14/03/2023 16:09:39;121969;4;questionnaire-igew;;28127293;9905;8351959;;complete;;;computer;Desktop or Laptop;Windows 10;Chrome 110.0.0.0;1280x720;1282x609;;Demographics;1;AB;BA;Page 1;bjst4u;1;**Please tell us your age**;response;value;20;;;Number Entry;2;object-3
2;1678810179522;14/03/2023 16:09:39;1678810179522;0;14/03/2023 16:09:39;121969;4;questionnaire-igew;;28127293;9905;8351959;;complete;;;computer;Desktop or Laptop;Windows 10;Chrome 110.0.0.0;1280x720;1282x609;;Demographics;1;AB;BA;Page 1;bjst4u;1;**Please tell us your gender**;response;value;Female;;;Text Input;3;object-4
1;1678845479370;15/03/2023 01:57:59;1678845479370;0;15/03/2023 01:57:59;121969;4;questionnaire-igew;;28140958;11109;8356620;;complete;;;computer;Desktop or Laptop;Mac OS 10.15.7;Chrome 110.0.0.0;1440x900;1440x789;;Demographics;1;BA;AB;Page 1;bjst4u;1;**Please tell us your age**;response;value;18;;;Number Entry;2;object-3
2;1678845479371;15/03/2023 01:57:59;1678845479371;0;15/03/2023 01:57:59;121969;4;questionnaire-igew;;28140958;11109;8356620;;complete;;;computer;Desktop or Laptop;Mac OS 10.15.7;Chrome 110.0.0.0;1440x900;1440x789;;Demographics;1;BA;AB;Page 1;bjst4u;1;**Please tell us your gender**;response;value;female;;;Text Input;3;object-4
1;1678878168100;15/03/2023 11:02:48;1678878168100;0;15/03/2023 11:02:48;121969;4;questionnaire-igew;;28147583;9822;8359332;;complete;;;computer;Desktop or Laptop;Windows 10;Chrome 111.0.0.0;1920x1080;1920x969;;Demographics;1;AB;BA;Page 1;bjst4u;1;**Please tell us your age**;response;value;41;;;Number Entry;2;object-3
2;1678878168101;15/03/2023 11:02:48;1678878168101;0;15/03/2023 11:02:48;121969;4;questionnaire-igew;;28147583;9822;8359332;;complete;;;computer;Desktop or Laptop;Windows 10;Chrome 111.0.0.0;1920x1080;1920x969;;Demographics;1;AB;BA;Page 1;bjst4u;1;**Please tell us your gender**;response;value;male;;;Text Input;3;object-4
1;1678916373774;15/03/2023 21:39:33;1678916373774;0;15/03/2023 21:39:33;121969;4;questionnaire-igew;;28168798;9522;8368132;;complete;;;computer;Desktop or Laptop;Mac OS 10.15.7;Chrome 111.0.0.0;1280x800;1280x689;;Demographics;1;BA;AB;Page 1;bjst4u;1;**Please tell us your age**;response;value;19;;;Number Entry;2;object-3
2;1678916373774;15/03/2023 21:39:33;1678916373774;0;15/03/2023 21:39:33;121969;4;questionnaire-igew;;28168798;9522;8368132;;complete;;;computer;Desktop or Laptop;Mac OS 10.15.7;Chrome 111.0.0.0;1280x800;1280x689;;Demographics;1;BA;AB;Page 1;bjst4u;1;**Please tell us your gender**;response;value;Male;;;Text Input;3;object-4
2;1680265885437;31/03/2023 12:31:25;1680269485437;1;31/03/2023 14:31:25;121969;4;questionnaire-igew;;28580296;9528;8503067;;complete;;;computer;Desktop or Laptop;Mac OS 10.15.7;Chrome 111.0.0.0;1512x982;1512x793;;Demographics;1;BA;AB;Page 1;bjst4u;1;**Please tell us your age**;response;value;20;;;Number Entry;2;object-3
3;1680265885437;31/03/2023 12:31:25;1680269485437;1;31/03/2023 14:31:25;121969;4;questionnaire-igew;;28580296;9528;8503067;;complete;;;computer;Desktop or Laptop;Mac OS 10.15.7;Chrome 111.0.0.0;1512x982;1512x793;;Demographics;1;BA;AB;Page 1;bjst4u;1;**Please tell us your gender**;response;value;male;;;Text Input;3;object-4
2;1680413929935;02/04/2023 05:38:49;1680417529935;1;02/04/2023 07:38:49;121969;4;questionnaire-igew;;28606883;10928;8513226;;complete;;;computer;Desktop or Laptop;Mac OS 10.15.7;Chrome 111.0.0.0;1440x900;1180x764;;Demographics;1;AB;BA;Page 1;bjst4u;1;**Please tell us your age**;response;value;21;;;Number Entry;2;object-3
3;1680413929935;02/04/2023 05:38:49;1680417529935;1;02/04/2023 07:38:49;121969;4;questionnaire-igew;;28606883;10928;8513226;;complete;;;computer;Desktop or Laptop;Mac OS 10.15.7;Chrome 111.0.0.0;1440x900;1180x764;;Demographics;1;AB;BA;Page 1;bjst4u;1;**Please tell us your gender**;response;value;female;;;Text Input;3;object-4
